,No,Rider,Front,Rear,Heat1,Pena-1,Heat2,Pena-2,Time,Rating[%],Date,Season,Manufacturer,Class,Machine
0,101,神尾 俊博,D: α14,D: α14,"1'59""593",0,"1'53""750",0,"1'53""750",129.23,2018-06-30,2018,Honda,D3,CBR600RR
1,102,小島 かおる,P: SC1,P: SC1,"9'59""999",0,"1'42""994",1,"1'43""994",118.15,2018-06-30,2018,Honda,C2,VTR250
2,111,小島 かおる,P:スーパーコルサ,P:スーパーコルサ,"1'51""417",0,"1'47""129",1,"1'48""129",115.69,2020-07-12,2020,Honda,C2,VTR250
3,115,小島 かおる,P:スーパーコルサ,P:スーパーコルサ,"9'59""999",MC,"1'40""753",0,"1'40""753",113.37,2021-05-04,2021,Honda,C2,VTR250
4,107,小島 かおる,P:スーパーコルサ,P:スーパーコルサ,"9'59""999",MC,"1'37""720",0,"1'37""720",120.91,2017-11-09,2017,Honda,C2,VTR250
5,102,小島 かおる,P:スーパーコルサV2,P:スーパーコルサV2,"1'39""968",1,"1'38""845",0,"1'38""845",115.18,2019-09-28,2019,Honda,C2,VTR250
6,124,小島 かおる,P:,SC1,"1'29""370",0,"1'28""686",0,"1'28""686",118.25,2018-10-20,2018,Honda,C2,VTR250
7,114,小島 かおる,P:スーパーコルサ,P:スーパーコルサ,"9'59""999",MC,"1'36""145",0,"1'36""145",116.67,2020-10-03,2020,Honda,C2,VTR250
8,105,小島 かおる,P:SC1,P:SC1,"1'35""179",1,"1'34""473",0,"1'34""473",118.52,2018-05-03,2018,Honda,C2,VTR250
9,115,小島 かおる,P:スーパーコルサ,P:スーパーコルサ,"1'30""165",0,"1'28""916",0,"1'28""916",115.02,2019-06-16,2019,Honda,C2,VTR250
10,113,小島 かおる,P:スーパーコルサSC1,P:スーパーコルサSC1,"1'46""437",1,"1'43""241",1,"1'44""241",118.87,2019-11-09,2019,Honda,C2,VTR250
11,107,小島 かおる,P: SC1,P: SC1,"9'59""999",MC,"1'50""564",0,"1'50""564",117.83,2018-08-18,2018,Honda,C2,VTR250
12,103,須田 修平,D: α13SP,D: α14,"2'00""437",0,"1'46""855",0,"1'46""855",121.4,2018-06-30,2018,Suzuki,D1,DR-Z400SM
13,114,須田 修平,D:α-13SP,D:α-13SP,"1'32""538",0,"1'30""393",0,"1'30""393",116.93,2019-06-16,2019,Suzuki,D1,DR-Z400SM
14,105,中村 忍,P: スーパーコルサ,P: スーパーコルサ,"1'43""664",1,"1'41""674",0,"1'41""674",115.51,2018-06-30,2018,Suzuki,C2,GSX-R1000
15,141,中村 忍,P:スーパーコルサ,P:スーパーコルサ,"1'35""244",1,"1'33""655",2,"1'35""655",118.35,2017-11-09,2017,Suzuki,C2,GSX-R1000
16,118,中村 忍,P:スーパーコルサV2,P:スーパーコルサV2,"1'37""433",0,"9'59""999",MC,"1'37""433",113.54,2019-09-28,2019,Suzuki,C2,GSX-R1000
17,133,中村 忍,スーパーコルサ,スーパーコルサ,"1'25""986",3,"1'24""995",1,"1'25""995",114.66,2018-10-20,2018,Suzuki,C2,GSX-R1000
18,125,中村 忍,P:スーパーコルサ,P:スーパーコルサ,"1'29""004",0,"1'27""055",0,"1'27""055",112.62,2019-06-16,2019,Suzuki,C2,GSX-R1000
19,142,中村 忍,P:スーパーコルサSC1,P:スーパーコルサSC1,"1'41""114",1,"1'38""690",0,"1'38""690",112.54,2019-11-09,2019,Suzuki,C2,GSX-R1000
20,109,中村 忍,P: スパーコルサ,P: スパーコルサ,"1'49""039",0,"1'47""155",0,"1'47""155",114.2,2018-08-18,2018,Suzuki,C2,GSX-R1000
21,106,西村 亨,D: α13SP,D: α13SP,"1'40""795",0,"1'39""279",0,"1'39""279",112.79,2018-06-30,2018,Honda,C2,CBR600RR
22,134,西村 亨,D:α-13SP,D:α-13SP,"1'49""686",0,"1'46""530",0,"1'46""530",113.98,2020-07-12,2020,Honda,C2,CBR600RR
23,138,西村 亨,D:α-13,P:スーパーコルサ,"9'59""999",MC,"1'40""808",0,"1'40""808",124.06,2017-07-15,2017,Honda,C2,CB1300SF
24,113,西村 亨,D:α-13,D:α-13,"1'37""467",0,"1'38""021",0,"1'37""467",113.58,2019-09-28,2019,Honda,C2,CBR600RR
25,134,西村 亨,D:,α-13SP,"1'28""621",0,"1'25""149",0,"1'25""149",113.53,2018-10-20,2018,Honda,C2,CBR600RR
26,121,西村 亨,D:α-14,D:α-14,"1'35""313",0,"1'30""136",0,"1'30""136",113.08,2018-05-03,2018,Honda,C2,CBR600RR
27,127,西村 亨,D:α13-SP,D:α13-SP,"1'32""414",1,"1'29""790",0,"1'29""790",116.15,2019-06-16,2019,Honda,C2,CBR600RR
28,155,西村 亨,D:α-13SP,D:α-13SP,"1'48""712",1,"1'45""935",0,"1'45""935",112.9,2018-08-18,2018,Honda,C2,CBR600RR
29,107,藤波 生稔,D: TT93,D: TT93,"1'51""981",1,"1'48""088",0,"1'48""088",122.8,2018-06-30,2018,Honda,D2,GROM
30,108,川脇 泰宏,P: スーパーコルサV2,P: スーパーコルサV2,"1'42""652",0,"1'40""261",0,"1'40""261",113.91,2018-06-30,2018,Honda,C2,CBR400R
31,115,川脇 泰宏,P:スーパーコルサV2,P:スーパーコルサV3,"1'45""143",0,"1'44""359",0,"1'44""359",111.65,2020-07-12,2020,Suzuki,C2,GSX-R750
32,126,川脇 泰宏,D:α-13SP,P:スーパーコルサV2,"1'37""947",0,"9'59""999",MC,"1'37""947",120.54,2017-07-15,2017,Honda,C2,CBR400R
33,125,川脇 泰宏,P:スーパーコルサV2,P:スーパーコルサV3,"1'40""199",1,"1'39""149",0,"1'39""149",111.57,2021-05-04,2021,Suzuki,C2,GSX-R750
34,106,川脇 泰宏,P:スーパーコルサ,D:α13SP,"1'39""228",2,"1'35""737",2,"1'37""737",120.93,2017-11-09,2017,Honda,C2,CBR400R
35,120,川脇 泰宏,P:スーパーコルサV3,P:スーパーコルサV3,"1'35""705",0,"1'33""951",0,"1'33""951",114.01,2020-10-03,2020,Suzuki,C2,GSX-R750
36,138,川脇 泰宏,P:スーパーコルサ,V2,"1'46""456",1,"9'59""999",MC,"1'47""456",122.54,2019-11-09,2019,Suzuki,C2,GSX-R750
37,101,川脇 泰宏,P: スーパーコルサV2,P: スーパーコルサV2,"1'50""288",0,"1'51""765",1,"1'50""288",117.54,2018-08-18,2018,Suzuki,C2,GSX-R750
38,109,新田 るみ子,D: α-13SP,D:α-14(R),"1'55""523",0,"1'53""232",0,"1'53""232",128.64,2018-06-30,2018,Honda,D3,VTR250
39,138,新田 るみ子,D:α-14,D:α-14,"1'52""195",0,"1'49""065",0,"1'49""065",127.09,2019-09-28,2019,Honda,D3,VTR250
40,111,新田 るみ子,D:α-13SP,D:α-13SP,"1'45""209",0,"1'39""728",0,"1'39""728",132.97,2018-10-20,2018,Honda,D3,VTR250
41,110,新田 るみ子,D:α-14,D:α-14,"1'47""835",0,"1'47""350",0,"1'47""350",130.27,2020-10-03,2020,Honda,D3,VTR250
42,108,新田 るみ子,D:α-14,D:α-14,"1'59""477",1,"1'51""593",0,"1'51""593",127.26,2019-11-09,2019,Honda,D3,VTR250
43,117,新田 るみ子,D:α-13SP,D:α-13SP,"9'59""999",MC,"2'04""902",1,"2'05""902",134.18,2018-08-18,2018,Honda,D3,VTR250
44,111,神谷 敬志,B: s21,B: s21,"2'07""037",0,"1'56""694",0,"1'56""694",132.58,2018-06-30,2018,Suzuki,D2,Bandit1250F
45,108,神谷 敬志,D:α-14,D:α-14,"9'59""999",MC,"9'59""999",MC,-,,2020-07-12,2020,Suzuki,D2,GSX-S1000
46,110,神谷 敬志,D:Q4,D:Q4,"9'59""999",MC,"1'55""045",0,"1'55""045",129.46,2021-05-04,2021,Suzuki,D2,GSX-S1000
47,103,神谷 敬志,D:,α-14,"9'59""999",MC,"1'35""760",0,"1'35""760",127.68,2018-10-20,2018,Suzuki,D2,Bandit1250F
48,109,神谷 敬志,D:α-14,D:α-14,"1'40""403",0,"9'59""999",MC,"1'40""403",121.84,2020-10-03,2020,Suzuki,D2,GSX-S1000
49,124,神谷 敬志,D:α-14,D:α-14,"9'59""999",MC,"9'59""999",MC,"9'59""999",,2018-08-18,2018,Suzuki,D2,Bandit1250F
50,112,久保 敬映,D: α-14,D: α-14,"2'04""347",2,"1'49""885",0,"1'49""885",124.84,2018-06-30,2018,Kawasaki,C2,ZRX1200DAEG
51,140,久保 敬映,D:α-13SP,D:α-13SP,"1'39""956",0,"1'37""926",0,"1'37""926",114.11,2019-09-28,2019,Kawasaki,C2,ZRX1200DAEG
52,120,久保 敬映,D:,α-14,"1'35""105",0,"1'30""272",0,"1'30""272",120.36,2018-10-20,2018,Kawasaki,C2,ZRX1200DAEG
53,114,久保 敬映,D:α-14,D:α-14,"1'55""933",0,"2'01""212",0,"1'55""933",123.55,2018-08-18,2018,Kawasaki,C2,ZRX1200daeg
54,114,杉江 賢一,D: ロードスポーツ,D: ロードスポーツ,"9'59""999",0,"1'47""884",1,"1'48""884",123.71,2018-06-30,2018,Yamaha,D1,MT-07
55,112,杉江 賢一,D:α-14,D:α-14,"1'53""280",1,"1'51""473",0,"1'51""473",119.26,2020-07-12,2020,Yamaha,D1,MT-07
56,108,杉江 賢一,D:クオリファイアー2,D:クオリファイアー2,"9'59""999",MC,"1'49""127",0,"1'49""127",134.3,2017-07-15,2017,Yamaha,D1,MT-07
57,141,杉江 賢一,P:ロッソコルサ,P:ロッソコルサ,"1'42""338",0,"1'41""844",1,"1'42""338",119.25,2019-09-28,2019,Yamaha,D1,MT-07
58,121,杉江 賢一,D:,クオリファイヤ2,"1'34""533",0,"1'32""267",0,"1'32""267",123.02,2018-10-20,2018,Yamaha,D1,MT-07
59,129,杉江 賢一,D:ロードスポーツ,D:ロードスポーツ,"1'57""592",0,"9'59""999",MC,"1'57""592",125.32,2018-08-18,2018,Yamaha,D1,MT-07
60,117,藤野 人志,I: RX-02,I: RX-02,"1'50""321",0,"1'48""967",0,"1'48""967",123.8,2018-06-30,2018,Honda,D2,CB400SF
61,118,吉田 達成,D: α-13SP,D: α-13SP,"1'55""926",0,"9'59""999",0,"1'55""926",131.71,2018-06-30,2018,Honda,D2,CBR600F4i
62,109,吉田 達成,D:α-13SP,D:α-13SP,"9'59""999",MC,"9'59""999",MC,-,,2020-07-12,2020,Honda,D2,VTR250
63,131,吉田 達成,I:rx-03,I:rx-01,"1'46""716",0,"1'46""252",0,"1'46""252",123.82,2019-09-28,2019,Honda,D2,VTR250
64,126,吉田 達成,D:α-13SP,D:ロードスポーツ,"1'49""535",1,"1'45""042",0,"1'45""042",131.78,2018-05-03,2018,Honda,D2,CBR600F4i
65,120,井伊 利光,D: α13SP,D: α13SP,"9'59""999",0,"1'36""811",2,"1'38""811",112.26,2018-06-30,2018,Kawasaki,B,KDX220SR
66,161,井伊 利光,D:α-13SP,D:α-13SP,"9'59""999",MC,"1'32""661",0,"1'32""661",104.27,2021-05-04,2021,Kawasaki,B,KDX220SR
67,101,井伊 利光,D:α13SP,D:α13SP,"1'30""400",0,"1'28""285",1,"1'29""285",110.47,2017-11-09,2017,Kawasaki,B,KDX220SR
68,151,井伊 利光,D:α-13SP,D:α-13SP,"1'30""491",1,"1'31""926",3,"1'31""491",106.61,2019-09-28,2019,Kawasaki,B,KDX220SR
69,146,井伊 利光,D:,α-13SP,"1'20""845",0,"1'20""532",0,"1'20""532",107.38,2018-10-20,2018,Kawasaki,B,KDX220SR
70,102,井伊 利光,D:α-13SP,D:α-13SP,"9'59""999",MC,"1'27""061",0,"1'27""061",109.22,2018-05-03,2018,Kawasaki,B,KDX220SR
71,144,井伊 利光,D:α-13SP,D:α-13SP,"1'22""496",0,"1'21""711",0,"1'21""711",105.7,2019-06-16,2019,Kawasaki,B,KDX220SR
72,121,白井 翼,α13SP,α13SP,"1'40""884",0,"1'39""308",0,"1'39""308",112.83,2018-06-30,2018,Suzuki,C1,GSX-R750
73,152,白井 翼,D:α-13SP,D:α-14,"1'30""973",0,"1'49""427",0,"1'30""973",111.96,2017-07-15,2017,Suzuki,C1,GSX-R750
74,147,白井 翼,D:α-13SP,D:α-13SP,"1'23""167",0,"1'23""564",0,"1'23""167",110.89,2018-10-20,2018,Suzuki,C1,GSX-R750
75,134,白井 翼,D:α-13SP,D:α-13SP,"1'29""665",1,"1'28""758",0,"1'28""758",111.35,2018-05-03,2018,Suzuki,C1,GSX-R750
76,122,宮田 徳彦,D: α13SP,D: α13SP,"1'37""539",0,"1'37""333",0,"1'37""333",110.58,2018-06-30,2018,Kawasaki,C0,ZX-10R
77,148,宮田 徳彦,D:α-13SP,D:α-13SP,"1'43""397",1,"1'42""664",0,"1'42""664",109.84,2020-07-12,2020,Kawasaki,C0,ZX-10R
78,156,宮田 徳彦,D:TT93,D:TT93,"1'34""741",0,"1'30""473",0,"1'30""473",111.34,2017-07-15,2017,Honda,C0,GROM
79,163,宮田 徳彦,P:スーパーコルサV2,P:スーパーコルサV2,"1'48""498",0,"1'36""908",0,"1'36""908",109.05,2021-05-04,2021,Kawasaki,C0,ZX-10R
80,169,宮田 徳彦,D:D212,D:D212,"1'30""102",0,"1'28""416",0,"1'28""416",109.4,2017-11-09,2017,Kawasaki,C0,ZX-10R
81,153,宮田 徳彦,D:α-13SP,D:α-13SP,"1'34""149",0,"1'32""743",0,"1'32""743",108.07,2019-09-28,2019,Kawasaki,C0,ZX-10R
82,149,宮田 徳彦,D:α-13SP,D:D212,"1'21""791",0,"1'22""608",0,"1'21""791",109.05,2018-10-20,2018,Kawasaki,C0,ZX-10R
83,145,宮田 徳彦,D:α-13SP,D:α-13SP,"1'31""587",0,"1'30""932",0,"1'30""932",110.34,2020-10-03,2020,Kawasaki,C0,ZX-10R
84,144,宮田 徳彦,D:α-14,D:α-14,"1'29""074",0,"1'29""615",0,"1'29""074",111.75,2018-05-03,2018,Kawasaki,C0,ZX-10R
85,143,宮田 徳彦,D:α13-SP,D:α13-SP,"1'23""654",0,"1'23""423",0,"1'23""423",107.92,2019-06-16,2019,Kawasaki,C0,ZX-10R
86,149,宮田 徳彦,D:D212,P:スーパーコルサSC1,"1'34""990",0,"1'34""029",0,"1'34""029",107.23,2019-11-09,2019,Kawasaki,C0,ZX-10R
87,148,宮田 徳彦,D:α-13SP,P: スーパーコルサ,"1'40""901",1,"1'39""256",0,"1'39""256",105.78,2018-08-18,2018,Kawasaki,C0,ZX-10R
88,123,伊藤 悠志,D: α-13SP,D: α-13SP,"1'39""819",1,"1'39""791",0,"1'39""791",113.37,2018-06-30,2018,Honda,C1,VTR250
89,142,伊藤 悠志,D:α-13SP,D:α-13SP,"1'44""745",0,"1'44""127",0,"1'44""127",111.41,2020-07-12,2020,Honda,C1,VTR250
90,103,伊藤 悠志,D:α13,D:α13,"1'33""445",2,"1'32""161",2,"1'34""161",116.5,2017-11-09,2017,Honda,C1,VTR250
91,108,伊藤 悠志,D:α-13SP,D:α-13SP,"1'34""286",0,"1'33""670",0,"1'33""670",109.15,2019-09-28,2019,Honda,C1,VTR250
92,141,伊藤 悠志,D:α-13SP,D:α-13SP,"1'32""351",1,"1'31""589",0,"1'31""589",111.14,2020-10-03,2020,Honda,C1,VTR250
93,124,小島 英夫,P: スーパーコルサ,P: スーパーコルサ,"1'39""889",0,"1'36""959",0,"1'36""959",110.16,2018-06-30,2018,Kawasaki,C2,ZRX1100
94,131,小島 英夫,P:スーパーコルサV3,P:スーパーコルサV3,"9'59""999",MC,"9'59""999",MC,-,,2020-07-12,2020,Kawasaki,C2,ZRX1100
95,127,小島 英夫,P:スーパーコルサ,P:スーパーコルサ,"9'59""999",MC,"1'41""620",0,"1'41""620",114.35,2021-05-04,2021,Kawasaki,C2,ZRX1100
96,162,小島 英夫,P:スーパーコルサ,P:スーパーコルサ,"1'36""942",3,"1'43""132",4,"1'39""942",123.66,2017-11-09,2017,Kawasaki,C2,ZRX1100
97,109,小島 英夫,P:スーパーコルサV2,P:スーパーコルサV2,"1'36""398",0,"1'36""809",0,"1'36""398",112.33,2019-09-28,2019,Kawasaki,C2,ZRX1100
98,128,小島 英夫,P:,スーパーコルサ,"1'26""060",0,"1'25""492",0,"1'25""492",113.99,2018-10-20,2018,Kawasaki,C2,ZRX1100
99,131,小島 英夫,P:スーパーコルサV3,P:スーパーコルサV3,"1'34""031",0,"1'32""193",0,"1'32""193",111.88,2020-10-03,2020,Kawasaki,C2,ZRX1100
100,131,小島 英夫,P:スーパーコルサ,P:スーパーコルサ,"1'31""836",0,"1'30""518",0,"1'30""518",113.56,2018-05-03,2018,Kawasaki,C2,ZRX1100
101,132,小島 英夫,P:スーパーコルサ,P:スーパーコルサ,"1'29""907",0,"1'27""972",0,"1'27""972",113.8,2019-06-16,2019,Kawasaki,C2,ZRX1100
102,117,小島 英夫,P:スーパーコルサV3,P:スーパーコルサV2,"1'39""483",0,"1'39""283",0,"1'39""283",113.22,2019-11-09,2019,Kawasaki,C2,ZRX1100
103,151,小島 英夫,P: スーパーコルサ,P: スーパーコルサ,"1'49""311",0,"1'44""940",1,"1'45""940",112.9,2018-08-18,2018,Kawasaki,C2,ZRX1100
104,125,杉本 美和子,D: α-13SP,D: α-13SP,"1'44""394",0,"1'41""138",0,"1'41""138",114.9,2018-06-30,2018,Suzuki,C2,GSX-R1000
105,133,杉本 美和子,P:スーパーコルサV3,P:スーパーコルサV2,"1'52""687",3,"1'45""946",0,"1'45""946",113.35,2020-07-12,2020,Suzuki,C2,GSX-R1000
106,130,杉本 美和子,D:α-13,D:α-13,"1'33""159",1,"1'33""041",2,"1'34""159",115.88,2017-07-15,2017,Suzuki,C2,GSX-R1000
107,128,杉本 美和子,P:ディアブロSC2,P:ディアブロSC2,"1'42""222",0,"9'59""999",MC,"1'42""222",115.03,2021-05-04,2021,Suzuki,C2,GSX-R1000
108,109,杉本 美和子,MZ:M7RR,MZ:M7RR,"1'38""867",1,"9'59""999",0,"1'39""867",123.56,2017-11-09,2017,Suzuki,C2,GSX-R1000
109,116,杉本 美和子,D:α-13SP,D:α-13SP,"1'52""875",4,"1'39""454",0,"1'39""454",115.89,2019-09-28,2019,Suzuki,C2,GSX-R1000
110,130,杉本 美和子,D:α-14,D:α-14,"1'29""881",0,"1'29""671",0,"1'29""671",119.56,2018-10-20,2018,Suzuki,C2,GSX-R1000
111,132,杉本 美和子,P:スーパーコルサ,P:スーパーコルサ,"1'35""371",1,"1'34""520",0,"1'34""520",114.7,2020-10-03,2020,Suzuki,C2,GSX-R1000
112,120,杉本 美和子,D:α-13SP,D:α-13SP,"1'30""021",0,"1'27""691",0,"1'27""691",113.44,2019-06-16,2019,Suzuki,C2,GSX-R1000
113,141,杉本 美和子,D:α-13SP,D:Q4,"1'42""231",0,"1'40""888",0,"1'40""888",115.05,2019-11-09,2019,Suzuki,C2,GSX-R1000
114,126,高橋 豊,D: TT93,D: TT93,"1'40""406",0,"1'39""220",0,"1'39""220",112.73,2018-06-30,2018,Honda,C1,GROM
115,145,高橋 豊,D:TT93GP,D:TT93GP,"1'41""135",0,"1'41""360",1,"1'41""135",108.2,2020-07-12,2020,Honda,C1,GROM
116,146,高橋 豊,D:TT93GP,D:TT93GP,"1'34""885",2,"1'35""085",0,"1'35""085",107.0,2021-05-04,2021,Honda,C1,GROM
117,110,高橋 豊,D:TT93GP,D:TT93GP,"1'31""432",0,"1'29""194",0,"1'29""194",110.36,2017-11-09,2017,Honda,C1,GROM
118,107,高橋 豊,D:TT72,D:TT72,"1'28""657",3,"9'59""999",MC,"1'31""657",114.99,2018-05-03,2018,Honda,C1,GROM
119,121,高橋 豊,D:TT93,D:TT93,"1'27""324",0,"1'23""825",0,"1'23""825",108.44,2019-06-16,2019,Honda,C1,GROM
120,145,高橋 豊,D:TT93,D:TT93,"1'36""157",0,"1'35""860",1,"1'36""157",109.65,2019-11-09,2019,Honda,C1,GROM
121,127,立田 裕樹,D: α-13SP,D: α-13SP,"1'38""816",5,"1'37""163",0,"1'37""163",110.39,2018-06-30,2018,Suzuki,C2,GSX-R750
122,132,立田 裕樹,D:α-13SP,D:α-13SP,"1'33""714",0,"1'32""954",1,"1'33""714",115.33,2017-07-15,2017,Suzuki,C2,GSX-R750
123,112,立田 裕樹,D:α13SP,D:α13SP,"1'32""970",0,"1'32""040",0,"1'32""040",113.88,2017-11-09,2017,Suzuki,C2,GSX-R750
124,108,立田 裕樹,D:α-13SP,D:α-13SP,"1'33""081",0,"1'33""043",0,"1'33""043",116.72,2018-05-03,2018,Suzuki,C2,GSR750
125,123,立田 裕樹,D:α-13SP,D:α-13SP,"1'29""353",0,"1'28""993",0,"1'28""993",115.12,2019-06-16,2019,Suzuki,C2,GSX-R750
126,158,立田 裕樹,D:α-13SP,D:α-13SP,"1'44""597",0,"1'43""285",0,"1'43""285",110.07,2018-08-18,2018,Suzuki,C2,GSX-R750
127,128,長尾 智記,D: α-13SP,D: α-13SP,"1'40""167",0,"1'37""286",0,"1'37""286",110.53,2018-06-30,2018,Honda,C2,VTR250
128,135,長尾 智記,D:α-14,D:α-14,"1'38""182",0,"1'31""273",0,"1'31""273",112.33,2017-07-15,2017,Honda,C2,VTR250
129,129,藤波 攝,D: α-13SP HR,D: α-13SP HR,"1'40""626",0,"9'59""999",0,"1'40""626",114.32,2018-06-30,2018,Honda,C2,VTR250
130,130,松下 良,P: スーパーコルサ,P: スーパーコルサ,"1'38""086",0,"1'36""181",0,"1'36""181",109.27,2018-06-30,2018,Yamaha,C0,MT-07
131,142,松下 良,P:スーパーコルサ,P:スーパーコルサ,"1'32""151",0,"1'31""324",0,"1'31""324",112.39,2017-07-15,2017,Yamaha,C0,MT-07
132,120,松下 良,P:ロッソコルサ,D:α13,"1'36""214",0,"1'32""421",0,"1'32""421",114.35,2017-11-09,2017,Yamaha,C0,MT-07
133,152,松下 良,P:スーパーコルサV2,P:スーパーコルサV2,"9'59""999",MC,"1'33""440",0,"1'33""440",108.89,2019-09-28,2019,Yamaha,C0,XSR700
134,148,松下 良,P:スーパーコルサ,P:スーパーコルサ,"1'37""558",0,"1'35""541",0,"1'35""541",108.95,2019-11-09,2019,Yamaha,C0,XSR700
135,147,松下 良,P: スパーコルサ,P: スパーコルサ,"1'41""295",1,"1'40""235",0,"1'40""235",106.82,2018-08-18,2018,Yamaha,C0,MT-07
136,131,望月 義司,D: α14,D: α14,"1'47""431",1,"1'39""479",0,"1'39""479",113.02,2018-06-30,2018,Kawasaki,C2,Z1000
137,171,望月 義司,D:α-13SP,D:α-13SP,"9'59""999",MC,"1'34""586",1,"1'35""586",111.39,2019-09-28,2019,Suzuki,C2,GSX-S1000
138,102,望月 義司,D:α13SP,D:α13SP,"1'47""139",1,"1'46""620",0,"1'46""620",113.63,2018-08-18,2018,Kawasaki,C2,Z1000
139,132,柳田 悦豪,D: α-13SP,D: α-13SP,"1'37""475",2,"1'36""071",0,"1'36""071",109.15,2018-06-30,2018,Honda,A,CRF250
140,161,柳田 悦豪,P:スーパーコルサSC1,P:スーパーコルサSC1,"1'44""229",3,"1'35""972",3,"1'38""972",105.89,2020-07-12,2020,Honda,A,CRF250X/R
141,171,柳田 悦豪,P:スーパーコルサ,P:スーパーコルサ,"1'32""688",1,"1'31""927",0,"1'31""927",103.44,2021-05-04,2021,Honda,A,CRF250X/R
142,146,柳田 悦豪,P:スーパーコルサ,P:スーパーコルサ,"1'33""887",1,"1'30""511",0,"1'30""511",111.99,2017-11-09,2017,Honda,A,CRF250
143,155,柳田 悦豪,D:α-13SP,D:α-13SP,"1'28""318",0,"1'28""451",0,"1'28""318",102.92,2019-09-28,2019,Honda,A,CRF250X/R
144,111,柳田 悦豪,P:スーパーコルサV2,P:スーパーコルサV2,"9'59""999",MC,"1'28""917",0,"1'28""917",111.55,2018-05-03,2018,Honda,A,CRF250
145,145,柳田 悦豪,D:α-13SP,D:α-13SP,"1'21""102",0,"1'19""862",0,"1'19""862",103.31,2019-06-16,2019,Honda,A,CRF250X/R
146,151,柳田 悦豪,D:α-13SP,D:α-13SP,"1'40""512",3,"1'31""322",0,"1'31""322",104.14,2019-11-09,2019,Honda,A,CRF250X/R
147,140,大川 彰人,D: α13SP,D: α13SP,"1'30""244",0,"1'29""882",0,"1'29""882",102.12,2018-06-30,2018,Honda,A,NSR250R
148,167,大川 彰人,P:スーパーコルサ,P:スーパーコルサ,"1'35""091",0,"1'33""934",0,"1'33""934",100.5,2020-07-12,2020,Honda,A,NSR250R
149,148,大川 彰人,D:α-13SP,D:α-13SP,"1'27""354",0,"1'22""476",0,"1'22""476",101.5,2017-07-15,2017,Honda,A,NSR250R
150,173,大川 彰人,P:ディアブロSC1,P:ディアブロSC1,"1'29""517",1,"1'27""868",1,"1'28""868",100.0,2021-05-04,2021,Honda,A,NSR250R
151,166,大川 彰人,D:α-13SP,D:α-13SP,"9'59""999",0,"9'59""999",0,"9'59""999",,2018-10-20,2018,Honda,A,NSR250R
152,148,大川 彰人,P:スーパーコルサV3,P:スーパーコルサV3,"1'22""407",1,"9'59""999",MC,"1'23""407",101.21,2020-10-03,2020,Honda,A,NSR250R
153,128,大川 彰人,D:α-13SP,D:α-13SP,"1'21""672",0,"1'20""110",0,"1'20""110",100.5,2018-05-03,2018,Honda,A,NSR250R
154,156,大川 彰人,D:α-13SP,D:α-13SP,"1'17""784",0,"1'17""689",0,"1'17""689",100.5,2019-06-16,2019,Honda,A,NSR250R
155,156,大川 彰人,D:α-13SP,D:α-13SP,"1'29""342",0,"1'28""568",0,"1'28""568",101.0,2019-11-09,2019,Honda,A,NSR250R
156,161,大川 彰人,D:α-13SP,D:α-13SP,"1'35""702",0,"1'34""772",0,"1'34""772",101.0,2018-08-18,2018,Honda,A,NSR250R
157,141,菊谷 宏威,D:α-13sp,D:α-13sp,"1'32""481",0,"1'31""977",1,"1'32""481",105.07,2018-06-30,2018,Kawasaki,A,ZX-10R
158,164,菊谷 宏威,D:α-13SP,D:Q4,"1'37""923",0,"1'37""292",0,"1'37""292",104.09,2020-07-12,2020,Kawasaki,A,ZX-10R
159,150,菊谷 宏威,D:α-13SP,D:α-13SP,"1'25""680",1,"1'24""994",0,"1'24""994",104.6,2017-07-15,2017,Kawasaki,A,ZX-10R
160,174,菊谷 宏威,P:ディアブロSC1,P:ディアブロSC0,"9'59""999",MC,"1'32""418",0,"1'32""418",103.99,2021-05-04,2021,Kawasaki,A,ZX-10R
161,182,菊谷 宏威,D:α-13sp,D:α-13sp,"1'28""978",2,"1'23""617",0,"1'23""617",103.46,2017-11-09,2017,Kawasaki,A,ZX-10R
162,156,菊谷 宏威,D:α-13SP,D:Q4,"1'28""989",2,"1'27""930",0,"1'27""930",102.46,2019-09-28,2019,Kawasaki,A,ZX-10R
163,164,菊谷 宏威,D:α-13SP,D:α-13SP,"9'59""999",0,"9'59""999",0,"9'59""999",,2018-10-20,2018,Kawasaki,A,ZX-10R
164,149,菊谷 宏威,D:α-13SP,D:Q4,"1'26""668",0,"1'27""012",0,"1'26""668",105.17,2020-10-03,2020,Kawasaki,A,ZX-10R
165,130,菊谷 宏威,D:α-13SP,D:α-13SP,"1'24""010",0,"1'22""834",0,"1'22""834",103.92,2018-05-03,2018,Kawasaki,A,ZX-10R
166,148,菊谷 宏威,D:α-13SP,D:Q4,"1'24""424",3,"1'20""766",0,"1'20""766",104.48,2019-06-16,2019,Kawasaki,A,ZX-10R
167,152,菊谷 宏威,D:α-13SP,D:Q4,"1'31""536",0,"1'30""478",0,"1'30""478",103.18,2019-11-09,2019,Kawasaki,A,ZX-10R
168,163,菊谷 宏威,D:α-13SP,D:α-13SP,"9'59""999",MC,"1'35""208",1,"1'36""208",102.53,2018-08-18,2018,Kawasaki,A,ZX-10R
169,142,菊谷 真希,MZ:レーステックRR,D:α-13sp,"1'41""689",0,"9'59""999",0,"1'41""689",115.53,2018-06-30,2018,Kawasaki,C1,ZX-6R
170,127,菊谷 真希,D:α-13SP,P:スーパーコルサ,"1'33""788",0,"1'31""746",0,"1'31""746",112.91,2017-07-15,2017,Kawasaki,C1,ZX-6R
171,126,菊谷 真希,D:α-13SP,D:α-13SP,"1'38""042",1,"1'35""368",1,"1'36""368",108.44,2021-05-04,2021,Suzuki,C1,GSX-R750
172,183,菊谷 真希,D:α-13sp,D:α-13sp,"1'34""373",0,"1'32""220",0,"1'32""220",114.1,2017-11-09,2017,Kawasaki,C1,ZX-6R
173,106,菊谷 真希,D:α-13SP,D:α-13SP,"1'35""990",0,"1'34""346",1,"1'35""346",111.11,2019-09-28,2019,Suzuki,C1,GSX-R750
174,144,菊谷 真希,D:α-13SP,D:α-13SP,"9'59""999",0,"9'59""999",0,"9'59""999",,2018-10-20,2018,Kawasaki,C1,ZX-6R
175,151,菊谷 真希,D:α-13SP,D:α-13SP,"1'31""429",0,"1'31""404",0,"1'31""404",110.92,2020-10-03,2020,Suzuki,C1,GSX-R750
176,104,菊谷 真希,MZ::レーステック,D:α-13SP,"1'31""707",0,"1'29""133",0,"1'29""133",111.82,2018-05-03,2018,Kawasaki,C1,ZX-6R
177,130,菊谷 真希,D:Q4,D:α-13SP,"1'28""163",0,"9'59""999",MC,"1'28""163",114.05,2019-06-16,2019,Suzuki,C1,GSX-R750
178,133,菊谷 真希,D:α-13SP,D:α-13SP,"1'38""255",1,"1'36""681",0,"1'36""681",110.25,2019-11-09,2019,Suzuki,C1,GSX-R750
179,154,菊谷 真希,D:α-13SP,D:α-13SP,"9'59""999",MC,"1'45""615",1,"1'46""615",113.62,2018-08-18,2018,Kawasaki,C1,ZX-6R
180,143,小崎 康司,D:α-13sp,D:α-13sp,"1'38""397",0,"1'37""403",1,"1'38""397",111.79,2018-06-30,2018,Honda,C1,VTR250
181,144,小崎 康司,D:α-13SP,D:α-13SP,"1'46""136",0,"1'45""792",1,"1'46""136",113.55,2020-07-12,2020,Honda,C1,VTR250
182,128,小崎 康司,D:α-13SP,D:α-13SP,"1'31""283",0,"1'30""351",1,"1'31""283",112.34,2017-07-15,2017,Honda,C1,VTR250
183,184,小崎 康司,P:スーパーコルサ,P:スーパーコルサ,"1'32""920",1,"1'31""968",1,"1'32""968",115.03,2017-11-09,2017,Honda,C1,VTR250
184,107,小崎 康司,D:α-13SP,D:α-13SP,"1'38""270",0,"1'36""304",0,"1'36""304",112.22,2019-09-28,2019,Honda,C1,VTR250
185,145,小崎 康司,D:α-13SP,D:α-13SP,"1'25""321",1,"1'24""449",0,"1'24""449",112.6,2018-10-20,2018,Honda,C1,VTR250
186,144,小崎 康司,D:α-13SP,D:α-13SP,"1'33""588",0,"1'33""662",0,"1'33""588",113.57,2020-10-03,2020,Honda,C1,VTR250
187,131,小崎 康司,D:α13-SP,D:α13-SP,"9'59""999",MC,"1'27""229",1,"1'28""229",114.13,2019-06-16,2019,Honda,C1,VTR250
188,103,小崎 康司,D:α13SP,D:α13SP,"1'43""436",0,"1'43""050",0,"1'43""050",109.82,2018-08-18,2018,Honda,C1,VTR250
189,144,三崎 雅也,D:α-13sp,D:α-13sp,"1'33""486",0,"1'31""974",2,"1'33""486",106.21,2018-06-30,2018,Suzuki,A,DR-Z400SM
190,163,三崎 雅也,P:スーパーコルサ,D:α-13SP,"1'35""268",0,"1'34""609",0,"1'34""609",101.22,2020-07-12,2020,Suzuki,A,DR-Z400SM
191,155,三崎 雅也,D:α-13SP,D:α-13SP,"1'24""573",0,"1'22""785",0,"1'22""785",101.88,2017-07-15,2017,Suzuki,A,DR-Z400SM
192,172,三崎 雅也,D:α-13SP,D:α-13SP,"1'32""276",0,"1'30""984",1,"1'31""984",103.51,2021-05-04,2021,Suzuki,A,DR-Z400SM
193,189,三崎 雅也,P:スーパーコルサ,P:スーパーコルサ,"1'28""555",1,"1'26""565",1,"1'27""565",108.34,2017-11-09,2017,Suzuki,A,DR-Z400SM
194,158,三崎 雅也,D:α-13SP,D:α-13SP,"1'27""294",2,"1'27""853",0,"1'27""853",102.37,2019-09-28,2019,Suzuki,A,DR-Z400SM
195,167,三崎 雅也,D:α-13SP,D:α-13SP,"9'59""999",0,"9'59""999",0,"9'59""999",,2018-10-20,2018,Suzuki,A,DR-Z400SM
196,147,三崎 雅也,P:スーパーコルサ,D:α-13SP,"1'24""785",5,"1'37""810",2,"1'29""785",108.95,2020-10-03,2020,Suzuki,A,DR-Z400SM
197,143,三崎 雅也,D:α-13SP,D:α-13SP,"1'23""530",0,"1'21""947",1,"1'22""947",104.06,2018-05-03,2018,Suzuki,A,DR-Z400SM
198,151,三崎 雅也,D:α-13SP,D:α-13SP,"1'20""053",1,"1'19""367",0,"1'19""367",102.67,2019-06-16,2019,Suzuki,A,DR-Z400SM
199,154,三崎 雅也,D:α-13SP,D:α-13SP,"1'31""227",0,"1'30""236",0,"1'30""236",102.9,2019-11-09,2019,Suzuki,A,DR-Z400SM
200,162,三崎 雅也,D:α-13SP,P:スーパーコルサV2,"1'38""234",0,"1'36""507",2,"1'38""234",104.69,2018-08-18,2018,Suzuki,A,DR-Z400SM
201,145,岡村 直視,D: α-13SP,D: α-13SP,"1'39""506",0,"1'39""403",0,"1'39""403",112.93,2018-06-30,2018,Honda,C1,CRM250R
202,160,岡村 直視,D:α13SP,D:α13SP,"1'29""894",0,"1'28""573",0,"1'28""573",109.59,2017-11-09,2017,Honda,C1,CRM250R
203,104,岡村 直視,P:スーパーコルサV2,P:スーパーコルサV2,"9'59""999",MC,"1'42""091",0,"1'42""091",108.8,2018-08-18,2018,Honda,C1,CRM250R
204,146,田村 静香,P:スーパーコルサ,P:スーパーコルサ,"1'42""839",0,"1'42""579",0,"1'42""579",116.54,2018-06-30,2018,Yamaha,C2,MT-03
205,133,田村 静香,D:α-13SP,D:α-13SP,"1'31""765",0,"1'30""772",0,"1'30""772",111.71,2017-07-15,2017,Honda,C2,VTR250
206,133,田村 静香,D:α-13SP,D:α-14,"2'42""900",0,"9'59""999",MC,"2'42""900",183.31,2021-05-04,2021,Yamaha,C2,MT-03
207,114,田村 静香,D:SP13,D:SP13,"1'39""928",1,"1'39""822",0,"1'39""822",123.51,2017-11-09,2017,Yamaha,C2,MT-03
208,115,田村 静香,D:α-13SP,D:α-13SP,"1'38""080",0,"1'38""449",0,"1'38""080",114.29,2019-09-28,2019,Yamaha,C2,MT-03
209,132,田村 静香,P:,スーパーコルサV2,"1'28""388",1,"1'27""203",1,"1'28""203",117.6,2018-10-20,2018,Yamaha,C2,MT-03
210,134,田村 静香,D:α-14,D:α-14,"1'34""956",0,"1'34""524",3,"1'34""956",115.23,2020-10-03,2020,Yamaha,C2,MT-03
211,124,田村 静香,P:V2,SC1,"9'59""999",MC,"9'59""999",MC,"11'38""999",,2019-06-16,2019,Yamaha,C2,MT-03
212,147,渡邉 孝志,D: TT93GP,D: TT93GP,"1'39""106",0,"1'36""628",0,"1'36""628",109.78,2018-06-30,2018,Kawasaki,C0,KSR-2
213,147,渡邉 孝志,D:TT93GP,D:TT93GP,"1'34""808",1,"1'34""026",0,"1'34""026",109.57,2019-09-28,2019,Kawasaki,C0,KSR-2
214,160,渡邉 孝志,D:TT93GP,D:TT93GP,"1'23""750",0,"1'24""823",0,"1'23""750",111.67,2018-10-20,2018,Kawasaki,C0,KSR-2
215,146,渡邉 孝志,D:TT93GP,D:TT93GP,"1'29""474",0,"1'27""610",0,"1'27""610",109.91,2018-05-03,2018,Kawasaki,C0,KSR-2
216,141,渡邉 孝志,D:TT93GP,D:TT93GP,"1'24""601",0,"1'24""148",0,"1'24""148",108.86,2019-06-16,2019,Kawasaki,C0,KSR-2
217,165,渡邉 孝志,D:TT93GP,D:TT93GP,"1'41""641",0,"1'40""925",0,"1'40""925",107.56,2018-08-18,2018,Kawasaki,C0,KSR-2
218,148,深谷 明弘,P:スーパーコルサ,P:スーパーコルサ,"9'59""999",0,"1'36""230",3,"1'39""230",112.74,2018-06-30,2018,Suzuki,C1,GSX-S1000
219,150,深谷 明弘,P:スーパーコルサ,P:スーパーコルサ,"1'45""485",1,"1'43""495",0,"1'43""495",110.73,2020-07-12,2020,Suzuki,C1,GSX-S1000
220,140,深谷 明弘,D:α-13SP,D:α-13SP,"1'31""682",0,"1'31""200",0,"1'31""200",112.24,2017-07-15,2017,Kawasaki,C1,ZX-10R
221,186,深谷 明弘,D:α-13sp,D:α-13sp,"1'32""019",1,"1'29""676",1,"1'30""676",112.19,2017-11-09,2017,Suzuki,C1,GSX-S1000
222,161,深谷 明弘,D:α-13SP,D:α-13SP,"1'23""344",1,"9'59""999",MC,"1'24""344",112.46,2018-10-20,2018,Suzuki,C1,GSX-S1000
223,138,深谷 明弘,P:スーパーコルサV2,P:スーパーコルサV2,"1'32""770",0,"1'30""539",0,"1'30""539",109.87,2020-10-03,2020,Suzuki,C1,GSX-S1000
224,104,鈴木 淳史,D:α-13SP,D:α-14,"1'48""450",0,"1'48""131",0,"1'48""131",115.69,2020-07-12,2020,Yamaha,C2,YZF-R25
225,116,鈴木 淳史,D:α-13SP,D:α-13SP,"1'38""120",0,"1'37""690",1,"1'38""120",110.41,2021-05-04,2021,Yamaha,C2,YZF-R25
226,115,鈴木 淳史,D:α-13SP,D:α-13SP,"1'38""000",0,"1'37""302",0,"1'37""302",118.07,2020-10-03,2020,Yamaha,C2,YZF-R25
227,105,平良 修一,P:スーパーコルサ,P:スーパーコルサ,"9'59""999",MC,"1'46""404",0,"1'46""404",113.84,2020-07-12,2020,Honda,C2,VTR250
228,133,平良 修一,P:スーパーコルサ,P:スーパーコルサ,"9'59""999",MC,"9'59""999",MC,-,,2020-10-03,2020,Honda,C2,VTR250
229,110,押川 一矢,P:スーパーコルサ,P:スーパーコルサ,"1'44""186",1,"1'43""652",1,"1'44""652",111.97,2020-07-12,2020,Kawasaki,C2,ZRX1200S
230,122,押川 一矢,P:スーパーコルサ,P:スーパーコルサ,"1'40""056",0,"1'39""554",2,"1'40""056",112.59,2021-05-04,2021,Kawasaki,C2,ZRX1200S
231,130,押川 一矢,D:クオリファイア2,D:クオリファイア2,"9'59""999",MC,"9'59""999",MC,"9'59""999",,2017-11-09,2017,Kawasaki,C2,ZRX1200R
232,134,押川 一矢,D:アンビートン03,D:アンビートン03,"9'59""999",MC,"1'38""920",0,"1'38""920",115.27,2019-09-28,2019,Kawasaki,C2,ZRX1200S
233,102,押川 一矢,B:,S21,"1'50""495",0,"1'46""693",0,"1'46""693",142.26,2018-10-20,2018,Kawasaki,C2,ZRX1200S
234,118,押川 一矢,D:D213GP,D:D213GP,"1'35""283",3,"1'33""760",1,"1'34""760",114.99,2020-10-03,2020,Kawasaki,C2,ZRX1200S
235,111,押川 一矢,P:スーパーコルサSC1,P:スーパーコルサSC0,"1'43""607",0,"1'42""429",0,"1'42""429",116.81,2019-11-09,2019,Kawasaki,C2,ZRX1200S
236,122,押川 一矢,B: S21,B: S20R,"2'15""171",1,"2'18""412",0,"2'16""171",145.12,2018-08-18,2018,Kawasaki,C2,ZRX1200S
237,113,丸仲 敏郎,D:α-13SP,D:α-13SP,"1'48""616",1,"1'47""428",1,"1'48""428",116.01,2020-07-12,2020,KTM,D1,690DUKE R
238,105,丸仲 敏郎,D:α-13SP,D:α-13,"9'59""999",MC,"1'50""854",0,"1'50""854",118.14,2018-08-18,2018,Yamaha,D1,WR250X
239,114,押川 元樹,D:Q4,D:アンビートン03,"9'59""999",MC,"1'45""877",1,"1'46""877",114.35,2020-07-12,2020,Kawasaki,C2,ZRX1200R
240,131,押川 元樹,B:バトラックス,B:バトラックス,"9'59""999",MC,"2'05""959",0,"2'05""959",155.85,2017-11-09,2017,Kawasaki,C2,ZRX1200R
241,101,押川 元樹,P:スーパーコルサV2,P:スーパーコルサV2,"1'39""053",3,"1'37""925",0,"1'37""925",114.11,2019-09-28,2019,Kawasaki,C2,ZRX1200R
242,119,押川 元樹,P:スーパーコルサV2,P:スーパーコルサV2,"1'39""047",1,"1'38""026",3,"1'40""047",121.41,2020-10-03,2020,Kawasaki,C2,ZRX1200R
243,102,押川 元樹,P:スーパーコルサ,P:スーパーコルサ,"1'31""963",1,"1'29""354",2,"1'31""354",118.18,2019-06-16,2019,Kawasaki,C2,ZRX1200R
244,136,押川 元樹,D:Q4,D:Q4,"1'40""154",0,"1'55""259",3,"1'40""154",114.21,2019-11-09,2019,Kawasaki,C2,ZRX1200R
245,123,押川 元樹,D:クオリファイヤー2,D:クオリファイヤー2,"9'59""999",MC,"2'03""831",0,"2'03""831",131.97,2018-08-18,2018,Kawasaki,C2,ZRX1200R
246,135,藤原 淳司,D:α-13SP,D:Q4,"1'53""026",0,"1'53""029",0,"1'53""026",120.93,2020-07-12,2020,Suzuki,C2,GSX-R1000
247,119,藤原 淳司,D:α-13SP,D:α-13SP,"1'43""924",4,"1'39""159",0,"1'39""159",115.55,2019-09-28,2019,Suzuki,C2,GSX-R1000
248,162,藤原 淳司,D:α-13SP,D:α-13SP,"9'59""999",0,"9'59""999",0,"9'59""999",,2018-10-20,2018,Suzuki,C2,GSX-R1000
249,141,藤原 淳司,D:α-13SP,D:α-13SP,"1'43""015",3,"1'31""197",1,"1'32""197",115.66,2018-05-03,2018,Suzuki,C2,GSX-R1000
250,135,藤原 淳司,D:Q4,D:α-13SP,"1'31""189",0,"1'29""095",0,"1'29""095",115.26,2019-06-16,2019,Suzuki,C2,GSX-R1000
251,134,藤原 淳司,D:α-13SP,D:α-13SP,"1'42""591",0,"1'41""263",0,"1'41""263",115.48,2019-11-09,2019,Suzuki,C2,GSX-R1000
252,166,藤原 淳司,D:α-13SP,D:α-13SP,"1'46""291",0,"1'44""848",0,"1'44""848",111.74,2018-08-18,2018,Suzuki,C2,GSX-R1000
253,140,鈴木 登紀子,D:α-13SP,P:スーパーコルサ,"1'41""363",6,"1'41""539",1,"1'42""539",109.71,2020-07-12,2020,Suzuki,C1,GSX-R1000
254,136,鈴木 登紀子,P:スーパーコルサ,P:スーパーコルサ,"1'34""957",1,"1'34""476",0,"1'34""476",116.89,2017-11-09,2017,Suzuki,C1,GSX-R1000
255,134,鈴木 登紀子,P:スーパーコルサ,P:スーパーコルサ,"1'28""300",4,"1'25""176",2,"1'27""176",112.77,2019-06-16,2019,Suzuki,C1,GSX-R1000
256,141,伊藤 華子,D:α-13SP,D:Q4,"1'46""363",0,"1'44""575",0,"1'44""575",111.88,2020-07-12,2020,Suzuki,C1,GSX-R1000
257,148,伊藤 華子,D:α-13SP,D:Q4,"9'59""999",MC,"1'32""535",0,"1'32""535",107.83,2019-09-28,2019,Suzuki,C1,GSX-R1000
258,138,伊藤 華子,D:α13SP,P:スーパーコルサ,"1'25""477",0,"1'24""770",0,"1'24""770",109.66,2019-06-16,2019,Suzuki,C1,GSX-R1000
259,146,井川 洋一,D:α-13SP,D:Q4,"1'37""941",0,"1'37""588",0,"1'37""588",104.41,2020-07-12,2020,Yamaha,B,MT-09
260,166,井川 洋一,D:α-13SP,D:Q4,"1'52""890",0,"1'34""113",0,"1'34""113",105.9,2021-05-04,2021,Yamaha,B,MT-09
261,102,井川 洋一,D:α13SP,D:α13SP,"1'39""622",0,"9'59""999",MC,"1'39""622",123.26,2017-11-09,2017,Yamaha,B,MT-09
262,114,井川 洋一,D:α-13SP,D:α-13SP,"9'59""999",MC,"1'30""005",0,"1'30""005",112.91,2018-05-03,2018,Yamaha,B,MT-09
263,137,井川 洋一,D:α-13SP,D:α-13SP,"1'24""662",0,"1'22""765",0,"1'22""765",107.07,2019-06-16,2019,Yamaha,B,MT-09
264,157,井川 洋一,D:α-13SP,D:Q4,"1'33""993",2,"1'32""971",0,"1'32""971",106.02,2019-11-09,2019,Yamaha,B,MT-09
265,157,井川 洋一,D:α-13SP,D:α-13SP,"1'47""543",3,"1'41""713",0,"1'41""713",108.4,2018-08-18,2018,Yamaha,B,MT-09
266,147,高橋 輝,D:α-13SP,D:α-13SP,"1'38""832",0,"1'37""390",0,"1'37""390",104.2,2020-07-12,2020,Suzuki,B,DR-Z400SM
267,131,高橋 輝,D:α-13SP,D:α-13SP,"1'29""965",0,"1'29""865",0,"1'29""865",110.59,2017-07-15,2017,Suzuki,B,DR-Z400SM
268,169,高橋 輝,D:α-13SP,D:α-13SP,"1'34""457",0,"1'33""803",0,"1'33""803",105.55,2021-05-04,2021,Suzuki,B,DR-Z400SM
269,144,高橋 輝,D:α-13SP,D:α-13SP,"1'39""960",0,"1'29""378",1,"1'30""378",105.32,2019-09-28,2019,Suzuki,B,DR-Z400SM
270,106,高橋 輝,D:α-13SP,D:α-13SP,"1'29""037",1,"1'27""462",3,"1'30""037",112.95,2018-05-03,2018,Suzuki,B,DR-Z400SM
271,149,井上 裕介,D:α-13SP,D:α-13SP,"1'48""369",0,"1'46""364",0,"1'46""364",113.8,2020-07-12,2020,Kawasaki,C2,ZX-10R
272,119,井上 裕介,D:α-13SP,D:Q4,"1'38""685",0,"1'37""758",0,"1'37""758",110.0,2021-05-04,2021,Kawasaki,C2,ZX-10R
273,162,古藤 雅啓,D:α-13SP,D:α-13SP,"1'38""176",2,"1'38""116",2,"1'40""116",107.11,2020-07-12,2020,Husqvarna,A,SM250R
274,151,古藤 雅啓,D:α-13SP,D:α-13SP,"9'59""999",MC,"9'59""999",MC,"9'59""999",,2017-07-15,2017,Suzuki,A,GSX-R750
275,163,古藤 雅啓,D:α-13SP,D:α-13SP,"1'20""296",0,"9'59""999",MC,"1'20""296",107.06,2018-10-20,2018,Suzuki,A,GSX-R750
276,132,古藤 雅啓,D:α-13SP,D:α-13SP,"9'59""999",MC,"1'25""600",1,"1'26""600",108.64,2018-05-03,2018,Suzuki,A,GSX-R750
277,152,古藤 雅啓,D:α-13SP,D:α-13SP,"1'23""530",0,"1'23""475",0,"1'23""475",107.98,2019-06-16,2019,Husqvarna,A,SM250R
278,165,辻家 治彦,D:α-13SP,D:Q4,"1'38""554",1,"1'36""636",0,"1'36""636",103.39,2020-07-12,2020,Suzuki,A,GSX-R1000
279,180,辻家 治彦,D:α-13SP,D:α-13SP,"1'34""331",0,"1'32""392",0,"1'32""392",103.97,2021-05-04,2021,Suzuki,A,GSX-R1000
280,160,辻家 治彦,D:α-13SP,D:Q4,"1'29""344",0,"1'28""389",1,"1'29""344",104.11,2019-09-28,2019,Suzuki,A,GSX-R1000
281,155,辻家 治彦,D:α13,D:Q4,"1'29""065",0,"1'19""836",0,"1'19""836",103.28,2019-06-16,2019,Suzuki,A,GSX-R1000
282,166,中嶋 秀和,P:スーパーコルサV2,P:スーパーコルサV3,"1'35""831",0,"1'34""916",0,"1'34""916",101.55,2020-07-12,2020,Yamaha,A,TZR250R
283,153,中嶋 秀和,D:α-13SP,D:α-13SP,"1'24""647",0,"1'24""690",0,"1'24""647",104.17,2017-07-15,2017,Yamaha,A,TZR250
284,175,中嶋 秀和,P:ディアブロSC1,P:ディアブロSC1,"1'31""124",0,"1'30""031",0,"1'30""031",101.31,2021-05-04,2021,Yamaha,A,TZR250R
285,157,中嶋 秀和,D:α-13SP,D:α-13SP,"1'39""845",0,"1'27""377",1,"1'28""377",102.99,2019-09-28,2019,Yamaha,A,TZR250
286,165,中嶋 秀和,D:α-13SP,D:α-13SP,"9'59""999",0,"9'59""999",0,"9'59""999",,2018-10-20,2018,Honda,A,NSR250R
287,150,中嶋 秀和,P:ディアブロSC1,P:ディアブロSC1,"1'27""725",1,"1'23""871",0,"1'23""871",101.78,2020-10-03,2020,Yamaha,A,TZR250R
288,147,中嶋 秀和,D:α-13SP,D:α-13SP,"1'22""969",0,"1'22""264",0,"1'22""264",103.2,2018-05-03,2018,Yamaha,A,TZR250
289,150,中嶋 秀和,D:α-13SP,D:α-13SP,"9'59""999",MC,"1'19""261",1,"1'20""261",103.83,2019-06-16,2019,Yamaha,A,TZR250
290,153,中嶋 秀和,D:α-13SP,D:α-13SP,"1'31""112",0,"1'30""511",0,"1'30""511",103.22,2019-11-09,2019,Yamaha,A,TZR250
291,164,中嶋 秀和,D:α-13SP,D:α-13SP,"1'35""793",0,"1'36""051",1,"1'35""793",102.09,2018-08-18,2018,Yamaha,A,TZR250
292,103,大窪 孝広,D:TT93,D:TT93,"1'30""432",1,"1'29""535",0,"1'29""535",110.19,2017-07-15,2017,Honda,C2,GROM
293,104,神谷 了,D:α-13,D:α-13,"1'48""627",2,"1'42""533",0,"1'42""533",126.18,2017-07-15,2017,Kawasaki,D3,ZRX1200DAEG
294,109,神谷 了,MZ:SPORTEC,M7RR,"2'01""895",1,"1'59""847",0,"1'59""847",134.86,2021-05-04,2021,Kawasaki,D3,ZRX1200DAEG
295,190,神谷 了,D:α13,D:α13,"9'59""999",MC,"9'59""999",MC,"9'59""999",,2017-11-09,2017,Kawasaki,D3,ZRX1200DAEG
296,112,神谷 了,D:α-14,D:α-14,"1'49""250",0,"9'59""999",MC,"1'49""250",132.57,2020-10-03,2020,Kawasaki,D3,ZRX1200DAEG
297,118,神谷 了,D:ロードスポーツ2,D:ロードスポーツ2,"1'51""712",0,"1'49""775",0,"1'49""775",125.18,2019-11-09,2019,Kawasaki,D3,ZRX1200DAEG
298,118,神谷 了,D:α-14,D:α-14,"2'01""512",1,"2'00""066",1,"2'01""066",129.02,2018-08-18,2018,Kawasaki,D3,ZRX1200DAEG
299,106,佐藤 知幸,D:α-13SP,D:α-13SP,"1'35""956",0,"1'35""918",0,"1'35""918",118.04,2017-07-15,2017,Kawasaki,D1,Z750
300,109,滝脇 順司,D:α-13SP,IRC:rx-01specR,"9'59""999",MC,"1'34""116",0,"1'34""116",115.83,2017-07-15,2017,Honda,C1,VTR250
301,131,滝脇 順司,D:α-13SP,D:α-13SP,"1'37""719",0,"1'39""144",0,"1'37""719",109.96,2021-05-04,2021,Honda,C1,VTR250
302,111,滝脇 順司,P:スーパーコルサ,P:スーパーコルサ,"1'32""006",0,"1'31""041",0,"1'31""041",112.64,2017-11-09,2017,Honda,C1,VTR250
303,117,滝脇 順司,P:スーパーコルサV3,P:スーパーコルサV3,"1'37""767",0,"1'37""158",1,"1'37""767",113.93,2019-09-28,2019,Suzuki,C1,WOLF200
304,131,滝脇 順司,D:,α-13SP,"1'26""154",0,"1'26""698",0,"1'26""154",114.87,2018-10-20,2018,Honda,C1,VTR250
305,137,滝脇 順司,D:α-13SP,D:α-13SP,"1'49""992",2,"1'31""579",0,"1'31""579",111.13,2020-10-03,2020,Honda,C1,VTR250
306,122,滝脇 順司,P:スーパーコルサ,P:スーパーコルサ,"1'27""184",0,"1'26""404",1,"1'27""184",112.78,2019-06-16,2019,Honda,C1,VTR250
307,113,中里 剛,D:α-13SP,D:α-13SP,"1'37""039",0,"1'35""146",0,"1'35""146",117.09,2017-07-15,2017,Honda,D1,VTR250
308,115,長谷川 悠,D:α-13,D:α-13,"1'42""227",0,"1'41""019",0,"1'41""019",124.32,2017-07-15,2017,Kawasaki,D2,Z1000
309,117,長谷川 悠,P:スーパーコルサ,P:スーパーコルサ,"1'46""910",0,"1'44""370",0,"1'44""370",129.14,2017-11-09,2017,Kawasaki,D2,Z1000
310,116,林 一貴,D:アンビートン03-R3,D:アンビートン03-R3,"1'38""962",0,"1'37""930",0,"1'37""930",120.52,2017-07-15,2017,Yamaha,D1,XJR1300
311,142,林 一貴,MZ:レーステックK1,MZ:レーステックK1,"1'44""135",0,"1'40""944",2,"1'42""944",119.96,2019-09-28,2019,Yamaha,D1,XSR700
312,117,原 辰典,D:α-13SP,D:α-13SP,"1'35""320",1,"1'35""113",0,"1'35""113",117.05,2017-07-15,2017,Kawasaki,D1,Ninja250R
313,120,明慶 康之,P:ロッソコルサ,P:ロッソコルサ,"1'40""350",0,"1'38""988",0,"1'38""988",121.82,2017-07-15,2017,Ducati,D2,MONSTER 900
314,164,明慶 康之,MC:POWEROne,MC:POWEROne,"1'52""728",0,"1'49""716",0,"1'49""716",127.85,2019-09-28,2019,Yamaha,D2,YZF-R6
315,122,明慶 康之,MZ:M7RR,MZ:M7RR,"9'59""999",MC,"1'33""509",0,"1'33""509",124.68,2018-10-20,2018,Ducati,D2,MONSTER 900
316,124,大村 圭,D:α-13SP,D:α-13SP,"1'36""468",0,"1'34""551",0,"1'34""551",116.36,2017-07-15,2017,Suzuki,D1,GSX-R750
317,115,大村 圭,D:α-13SP,D:α-13SP,"1'34""437",0,"1'44""688",1,"1'34""437",118.47,2018-05-03,2018,Suzuki,D1,GSX-R750
318,106,大村 圭,D:α-13SP,D:α-13SP,"9'59""999",MC,"2'01""283",2,"2'03""283",131.39,2018-08-18,2018,Suzuki,D1,GSX-R750
319,125,樫原 弘樹,D:α-13SP,D:α-13SP,"1'34""355",0,"1'32""646",0,"1'32""646",114.02,2017-07-15,2017,Suzuki,C2,SV650
320,129,白川 晋也,D:α-13SP,D:α-13SP,"1'30""368",0,"1'28""704",0,"1'28""704",109.16,2017-07-15,2017,Yamaha,C0,R1-Z
321,162,白川 晋也,D:α-13SP,D:α-13SP,"1'34""859",0,"1'33""524",0,"1'33""524",105.24,2021-05-04,2021,Honda,C0,VTR
322,165,白川 晋也,D:α13SP,D:α13SP,"1'28""126",0,"1'28""122",0,"1'28""122",109.03,2017-11-09,2017,Honda,C0,VTR250
323,135,白川 晋也,P:SC-A,P:SC-A,"1'28""361",0,"1'26""596",0,"1'26""596",108.64,2018-05-03,2018,Yamaha,C0,R1-Z
324,142,白川 晋也,D:α-13SP,D:α-13SP,"1'23""181",0,"1'22""513",0,"1'22""513",106.74,2019-06-16,2019,Honda,C0,VTR250
325,146,白川 晋也,D:α-13SP,D:α-13SP,"1'40""980",1,"1'39""375",1,"1'40""375",106.97,2018-08-18,2018,Honda,C0,VTR250
326,134,鶴田 貴之,P:スーパーコルサ,D:α-14,"1'37""316",0,"1'35""712",1,"1'36""712",119.02,2017-07-15,2017,Honda,D1,CB1300SF
327,136,中嶋 ちはる,D:α-13SP,D:α-13SP,"1'30""948",0,"1'30""415",0,"1'30""415",111.27,2017-07-15,2017,Honda,C1,NSR250R
328,152,中嶋 ちはる,D:α-13SP,D:α-13SP,"1'38""553",0,"1'38""840",0,"1'38""553",110.9,2021-05-04,2021,Honda,C1,NSR250R
329,185,中嶋 ちはる,D:α-13sp,D:α-13sp,"1'30""039",0,"1'31""345",0,"1'30""039",111.4,2017-11-09,2017,Honda,C1,NSR250R
330,105,中嶋 ちはる,D:α-13SP,D:α-13SP,"1'34""610",0,"1'33""194",0,"1'33""194",108.6,2019-09-28,2019,Honda,C1,NSR250R
331,143,中嶋 ちはる,D:α-13SP,D:α-13SP,"9'59""999",0,"9'59""999",0,"9'59""999",,2018-10-20,2018,Honda,C1,NSR250R
332,143,中嶋 ちはる,D:α-13SP,D:α-13SP,"1'32""495",0,"1'32""021",0,"1'32""021",111.67,2020-10-03,2020,Honda,C1,NSR250R
333,138,中嶋 ちはる,D:α-13SP,D:α-13SP,"1'30""940",0,"1'29""446",0,"1'29""446",112.21,2018-05-03,2018,Honda,C1,NSR250R
334,136,中嶋 ちはる,D:α-13SP,D:α-13SP,"1'27""629",0,"1'25""879",0,"1'25""879",111.09,2019-06-16,2019,Honda,C1,NSR250R
335,131,中嶋 ちはる,D:α-13SP,D:α-13SP,"1'39""433",0,"1'37""330",1,"1'38""330",112.13,2019-11-09,2019,Honda,C1,NSR250R
336,153,中嶋 ちはる,D:α-13SP,D:α-13SP,"1'44""000",0,"1'44""855",0,"1'44""000",110.84,2018-08-18,2018,Honda,C1,NSR250R
337,137,夏目 知佳,D:α-13SP,D:D212,"1'34""439",1,"1'33""930",0,"1'33""930",115.6,2017-07-15,2017,Kawasaki,C2,ZRX1100
338,109,夏目 知佳,D:α14,D:α14,"1'34""563",0,"1'36""935",0,"1'34""563",118.63,2018-05-03,2018,Kawasaki,C2,ZRX1100
339,110,夏目 知佳,D:D212,D:D212,"1'45""928",1,"1'44""389",0,"1'44""389",111.25,2018-08-18,2018,Kawasaki,C2,ZRX1100
340,141,細川 貴之,D:α-13SP,D:α-13SP,"1'33""358",0,"1'31""567",0,"1'31""567",112.69,2017-07-15,2017,Suzuki,C2,GSX-R600
341,119,細川 貴之,D:α13SP,D:α13SP,"1'37""904",3,"1'34""431",0,"1'34""431",116.84,2017-11-09,2017,Suzuki,C2,GSX-R600
342,114,細川 貴之,D:α-13SP,D:α-13SP,"1'38""643",0,"1'36""938",0,"1'36""938",112.96,2019-09-28,2019,Suzuki,C2,GSX-R600
343,128,細川 貴之,D:α13-SP,D:α13-SP,"1'29""840",0,"1'28""744",0,"1'28""744",114.8,2019-06-16,2019,Suzuki,C2,GSX-R600
344,144,細川 貴之,D:α-13SP,D:α-13SP,"1'45""887",0,"1'43""534",0,"1'43""534",118.07,2019-11-09,2019,Suzuki,C2,GSX-R600
345,143,三木 将行,MZ:レーステック,D:α-13SP,"9'59""999",MC,"1'41""045",0,"1'41""045",124.35,2017-07-15,2017,Yamaha,C2,MT-07
346,143,三木 将行,P:スーパーコルサV3,D:α-13SP,"1'38""953",0,"1'36""052",0,"1'36""052",111.93,2019-09-28,2019,Yamaha,C2,YZF-R3
347,111,三木 将行,D:α-13SP,D:α-13SP,"1'47""894",0,"1'45""874",0,"1'45""874",112.83,2018-08-18,2018,Yamaha,C2,MT-07
348,145,山口 尊稔,D:TT93,D:TT93,"1'39""053",0,"1'38""296",0,"1'38""296",120.97,2017-07-15,2017,Honda,D2,NSR50改
349,122,山口 尊稔,D:TT93GP,D:TT93GP,"1'38""045",0,"1'36""509",0,"1'36""509",121.07,2018-05-03,2018,Honda,D2,NSR50改
350,157,吉田 拓磨,D:α-13SP,D:α-13SP,"9'59""999",MC,"9'59""999",MC,"9'59""999",,2017-07-15,2017,Honda,C0,VTR250
351,170,吉田 拓磨,D:α13SP,D:α13SP,"1'27""208",2,"1'26""408",3,"1'29""208",110.38,2017-11-09,2017,Honda,C0,VTR250
352,144,吉田 拓磨,D:α-13SP,D:α-13SP,"1'50""900",0,"9'59""999",MC,"1'50""900",118.19,2018-08-18,2018,Honda,C0,VTR250
353,103,小澤 絵美,D:α-14,D:α-14,"1'50""536",0,"1'49""478",0,"1'49""478",123.19,2021-05-04,2021,Honda,D2,VTR250
354,106,三野 遼二,D:α-14,D:α-14,"9'59""999",MC,"1'46""116",2,"1'48""116",121.66,2021-05-04,2021,Suzuki,D2,DR-Z400S
355,108,足立 守啓,D:α-14,D:α-14,"1'53""199",1,"9'59""999",MC,"1'54""199",128.5,2021-05-04,2021,Yamaha,D3,FZ1
356,137,足立 守啓,D:α-13SP,D:α-13SP,"1'53""278",0,"1'52""994",1,"1'53""278",132.0,2019-09-28,2019,Honda,D3,CBR250R
357,108,足立 守啓,D:Q4,D:α-14,"1'48""929",0,"1'47""434",0,"1'47""434",130.37,2020-10-03,2020,Yamaha,D3,FZ1
358,101,足立 守啓,D:α-13SP,D:α-13SP,"1'41""054",0,"1'40""187",0,"1'40""187",129.6,2019-06-16,2019,Honda,D3,CBR250R
359,111,川原 佳那子,D:α-14,D:α-14,"1'50""492",1,"1'47""493",0,"1'47""493",120.96,2021-05-04,2021,Yamaha,D2,MT-03
360,121,川原 佳那子,D:α-14,D:α-14,"1'48""710",0,"1'44""295",0,"1'44""295",121.53,2019-09-28,2019,Yamaha,D2,MT-03
361,113,川原 佳那子,P:スーパーコルサV3,P:スーパーコルサV3,"9'59""999",MC,"9'59""999",MC,-,,2020-10-03,2020,Yamaha,D2,MT-03
362,103,川原 佳那子,D:α-14,D:α-14,"9'59""999",MC,"1'42""179",1,"1'43""179",133.47,2019-06-16,2019,Yamaha,D2,MT-03
363,112,佐々木 達哉,D:α-14,D:α-14,"1'46""832",0,"9'59""999",MC,"1'46""832",120.21,2021-05-04,2021,Suzuki,D2,RGV250Γ
364,127,佐々木 達哉,D:α-13SP,D:α-13SP,"1'55""995",0,"9'59""999",MC,"1'55""995",123.62,2018-08-18,2018,Suzuki,D2,RGV250Γ
365,113,安田 千寿,D:α-13SP,D:α-13SP,"1'50""716",0,"1'46""580",0,"1'46""580",119.93,2021-05-04,2021,Honda,D1,VTR250
366,111,安田 千寿,D:α-13,D:α-13,"1'56""136",0,"1'41""684",0,"1'41""684",123.39,2020-10-03,2020,Honda,D1,VTR250
367,111,安田 千寿,D:α13,D:α14,"1'52""018",4,"1'43""198",0,"1'43""198",133.5,2019-06-16,2019,Honda,D1,VTR250
368,105,安田 千寿,D:α-13SP,D:α-13SP,"1'58""055",0,"1'53""774",0,"1'53""774",129.74,2019-11-09,2019,Honda,D1,VTR250
369,114,小笠原 晶子,D:α-13SP,D:α-13SP,"1'39""712",0,"1'39""632",0,"1'39""632",112.11,2021-05-04,2021,Yamaha,C2,MT-03
370,104,小笠原 晶子,D:α-13SP,D:α-13SP,"1'39""202",0,"9'59""999",99,"1'39""202",115.6,2019-09-28,2019,Yamaha,C2,MT-03
371,103,小笠原 晶子,D:α-13SP,D:α-13SP,"1'35""113",0,"1'33""864",0,"1'33""864",117.75,2018-05-03,2018,Yamaha,C2,MT-03
372,117,大門 優樹,D:α-13SP,P:ディアブロSC1,"1'41""342",1,"1'39""092",0,"1'39""092",111.5,2021-05-04,2021,Suzuki,C2,DR-Z400SM
373,165,大門 優樹,D:α-13SP,D:α-13SP,"1'41""976",0,"1'40""019",0,"1'40""019",116.55,2019-09-28,2019,Suzuki,C2,DR-Z400SM
374,116,大門 優樹,D:α-13SP,D:α-13SP,"1'40""138",0,"1'36""126",1,"1'37""126",117.86,2020-10-03,2020,Suzuki,C2,DR-Z400SM
375,114,大門 優樹,D:α-13SP,D:α-13SP,"1'47""857",0,"1'42""406",0,"1'42""406",116.78,2019-11-09,2019,Suzuki,C2,DR-Z400SM
376,118,安藤 弘二,KINGTIRE:K06,KINGTIRE:K06,"1'48""612",0,"1'47""149",0,"1'47""149",120.57,2021-05-04,2021,Suzuki,D1,GSX-S1000
377,101,安藤 弘二,P:スーパーコルサV2,P:スーパーコルサV2,"1'32""678",1,"9'59""999",MC,"1'33""678",117.52,2018-05-03,2018,Suzuki,D1,GSX-S1000
378,113,安藤 弘二,P:スーパーコルサV2,D:α-13,"1'53""707",0,"1'49""203",0,"1'49""203",116.38,2018-08-18,2018,Suzuki,D1,GSX-S1000
379,120,大浦 耕成,D:α-13SP,D:α-13SP,"1'41""910",3,"1'55""030",3,"1'44""910",118.05,2021-05-04,2021,Suzuki,C2,DR-Z400S
380,139,大浦 耕成,D:α-13SP,D:α-13SP,"9'59""999",MC,"1'26""135",0,"1'26""135",111.43,2019-06-16,2019,Suzuki,C2,DR-Z400S
381,135,大浦 耕成,D:α-13SP,D:α-13SP,"1'40""981",1,"1'40""011",0,"1'40""011",114.05,2019-11-09,2019,Suzuki,C2,DR-Z400S
382,121,大橋 仁,D:α-13SP,D:α-13SP,"1'38""640",1,"1'37""872",0,"1'37""872",110.13,2021-05-04,2021,Kawasaki,C2,Ninja400
383,123,加藤 一馬,P:スーパーコルサ,P:スーパーコルサ,"1'42""464",0,"1'39""569",0,"1'39""569",112.04,2021-05-04,2021,Honda,C2,VTR250
384,124,川田 晃喜,P:ディアブロSC1,P:ディアブロSC1,"1'43""448",0,"1'41""292",0,"1'41""292",113.98,2021-05-04,2021,Suzuki,C2,SV650 ABS
385,132,玉谷 壮弘,P:スーパーコルサ,P:スーパーコルサ,"1'40""888",1,"1'39""688",0,"1'39""688",112.18,2021-05-04,2021,Honda,C2,VTR250
386,113,玉谷 壮弘,D:α13,D:α13,"9'59""999",MC,"1'35""220",0,"1'35""220",117.81,2017-11-09,2017,Kawasaki,C2,ZRX1200R
387,110,玉谷 壮弘,D:Q4,D:Q4,"1'39""852",0,"1'37""743",0,"1'37""743",113.9,2019-09-28,2019,Kawasaki,C2,ZRX1200R
388,117,玉谷 壮弘,D:α-13SP,D:α-13SP,"1'31""361",2,"1'30""128",3,"1'33""128",116.83,2018-05-03,2018,Kawasaki,C2,ZRX1200R
389,108,玉谷 壮弘,D:α13SP,D:α13SP,"1'46""703",1,"1'45""602",2,"1'47""602",114.67,2018-08-18,2018,Kawasaki,C2,ZRX1200R
390,134,西出 昌寛,B:BT601,B:BT601,"1'38""587",0,"1'39""959",0,"1'38""587",110.94,2021-05-04,2021,Honda,C2,GROM
391,135,西出 昌寛,B:BT601,B:BT601,"9'59""999",MC,"1'33""739",0,"1'33""739",113.75,2020-10-03,2020,Honda,C2,GROM
392,126,西出 昌寛,B:BT601,B:BT601,"1'29""648",0,"1'28""600",0,"1'28""600",114.61,2019-06-16,2019,Honda,C2,GROM
393,135,野島 勝成,P:ディアブロSC1,P:ディアブロSC1,"1'37""603",0,"1'37""571",0,"1'37""571",109.79,2021-05-04,2021,Kawasaki,C1,Ninja1000
394,135,野島 勝成,D:Q4,P:スーパーコルサV2,"1'38""621",0,"1'37""109",0,"1'37""109",113.16,2019-09-28,2019,Kawasaki,C1,Ninja1000
395,137,宮橋 正次郎,P:スーパーコルサ,P:スーパーコルサ,"1'54""963",0,"1'46""728",0,"1'46""728",120.1,2021-05-04,2021,Kawasaki,D2,Z400
396,138,森田 陽樹,D:TT93PRO,D:TT93PRO,"1'35""403",0,"1'34""544",0,"1'34""544",106.39,2021-05-04,2021,Honda,C0,GROM
397,145,森田 陽樹,B:BT601,B:BT601,"1'29""051",2,"1'27""041",1,"1'28""041",110.45,2018-05-03,2018,Honda,C0,GROM
398,140,山田 朋紀,D:α-13SP,D:α-13SP,"1'38""099",1,"1'36""281",0,"1'36""281",108.34,2021-05-04,2021,Yamaha,C1,MT-07
399,121,山田 朋紀,P:V2,P:V2,"1'34""455",0,"1'34""161",1,"1'34""455",116.87,2017-11-09,2017,Yamaha,C1,MT-07
400,142,小笠原 雄一,D:α-13SP,D:α-13SP,"1'34""701",0,"1'42""785",0,"1'34""701",106.56,2021-05-04,2021,Honda,C0,VTR250
401,143,桑島 直人,ダンロップ/TT93,ダンロップ/TT93,"1'51""984",0,"1'50""082",0,"1'50""082",123.87,2021-05-04,2021,Kawasaki,D2,KSR-2
402,147,友寄 雄太,D:α-13SP,D:α-13SP,"1'38""327",4,"1'36""421",1,"1'37""421",109.62,2021-05-04,2021,Honda,C1,NSR250R
403,148,増田 亘作,D:α-13SP,D:α-13SP,"1'45""170",0,"1'36""851",0,"1'36""851",108.98,2021-05-04,2021,Suzuki,C1,SV650
404,150,増田 亘作,P:スーパーコルサV2,P:スーパーコルサV2,"1'33""003",0,"1'33""039",1,"1'33""003",108.38,2019-09-28,2019,Suzuki,C1,SV650
405,142,増田 亘作,P:,ディアブロ,"1'21""846",0,"1'21""764",0,"1'21""764",109.02,2018-10-20,2018,Suzuki,C1,SV650
406,147,増田 亘作,P:スーパーコルサSC,P:スーパーコルサSC,"1'34""599",0,"1'34""100",0,"1'34""100",107.31,2019-11-09,2019,Suzuki,C1,SV650
407,149,吉田 篤司,D:α-13SP,D:α-13SP,"1'36""186",0,"1'34""730",0,"1'34""730",106.6,2021-05-04,2021,Kawasaki,C0,Ninja650
408,150,吉竹 智美,D:TT93PRO,D:TT93PRO,"1'40""759",0,"1'37""395",0,"1'37""395",109.6,2021-05-04,2021,Honda,C1,GROM
409,164,村野 秀次,D:α-13SP,P:スーパーコルサ,"1'35""686",2,"1'35""323",2,"1'37""323",109.51,2021-05-04,2021,Honda,C1,CBR600RR
410,117,村野 秀次,D:α-13SP,P:スーパーコルサV2,"1'38""997",1,"1'29""690",0,"1'29""690",108.84,2020-10-03,2020,Honda,C1,CBR600RR
411,110,村野 秀次,D:α14,D:α14,"1'30""627",1,"1'29""882",0,"1'29""882",116.27,2019-06-16,2019,Honda,C1,CBR600RR
412,116,村野 秀次,D:α-14,D:α-14,"1'43""028",1,"9'59""999",MC,"1'44""028",118.63,2019-11-09,2019,Honda,C1,CBR600RR
413,165,元田 哲,P:スーパーコルサV3,P:スーパーコルサV3,"1'33""071",1,"1'32""600",0,"1'32""600",104.2,2021-05-04,2021,Honda,B,NSR250R
414,146,元田 哲,P:スーパーコルサV3,P:スーパーコルサV3,"1'31""359",0,"1'30""958",0,"1'30""958",105.99,2019-09-28,2019,Honda,B,NSR250R
415,167,大越 賢,B:BT601SS,B:BT601SS,"1'31""713",0,"1'30""528",0,"1'30""528",101.87,2021-05-04,2021,Kawasaki,A,KSR110
416,168,大見 勝成,P:スーパーコルサV3,P:スーパーコルサV3,"9'59""999",MC,"1'32""170",0,"1'32""170",103.72,2021-05-04,2021,Husqvarna,B,TC85
417,170,久谷 忠与,P:スーパーコルサ,P:スーパーコルサ,"1'33""175",1,"1'31""649",1,"1'32""649",104.25,2021-05-04,2021,Suzuki,B,DR-Z400SM
418,177,宇積 陽一,D:α-13SP,P:ディアブロSC1,"1'36""987",0,"1'35""747",0,"1'35""747",107.74,2021-05-04,2021,Kawasaki,A,Z400
419,178,榎 明,D:α-13SP,D:Q4,"1'35""062",0,"1'34""767",0,"1'34""767",106.64,2021-05-04,2021,Honda,A,CBR1000RR
420,149,榎 明,D:α-13SP,P: スーパーコルサ,"1'38""950",0,"1'36""735",0,"1'36""735",103.09,2018-08-18,2018,Honda,A,CBR1000RR
421,179,早川 耕平,D:α-13SP,D:α-13SP,"1'33""909",1,"1'32""904",0,"1'32""904",104.54,2021-05-04,2021,Suzuki,A,DR-Z400SM
422,159,早川 耕平,D:α-13SP,D:α-13SP,"1'29""031",0,"1'28""347",1,"1'29""031",103.75,2019-09-28,2019,Suzuki,A,DR-Z400SM
423,140,早川 耕平,D:α-13SP,D:α-13SP,"1'24""121",1,"1'23""298",0,"1'23""298",104.5,2018-05-03,2018,Suzuki,A,DR-Z400SM
424,182,山田 史雄,D:α-13SP,D:α-13SP,"1'35""973",0,"1'33""644",1,"1'34""644",106.5,2021-05-04,2021,Honda,C0,NSR250R
425,112,山田 史雄,D:α-13SP,D:α-13SP,"1'33""081",2,"1'33""500",1,"1'34""500",118.55,2018-05-03,2018,Honda,C0,VTR250
426,133,山田 史雄,D:α-13SP,P:スーパーコルサ,"1'25""600",0,"1'25""146",0,"1'25""146",110.15,2019-06-16,2019,Honda,C0,VTR250
427,183,山田 翼,D:TT93PRO,D:TT93PRO,"1'40""246",3,"1'44""907",1,"1'43""246",116.18,2021-05-04,2021,Kawasaki,C2,Z125
428,118,山田 翼,D:TT93GP,D:TT93GP,"9'59""999",MC,"1'27""330",0,"1'27""330",112.97,2019-06-16,2019,Kawasaki,C2,KSR-2
429,158,山田 翼,D:TT93GP,D:TT93GP,"1'38""702",0,"1'38""312",1,"1'38""702",112.56,2019-11-09,2019,Kawasaki,C2,KSR-2
430,104,小野 元,D:α13SP,D:α13SP,"1'41""562",0,"1'36""495",0,"1'36""495",119.39,2017-11-09,2017,Kawasaki,D1,ZX-10R
431,108,白川 元気,P:ディアブロV2,P:ディアブロV2,"9'59""999",0,"9'59""999",0,"9'59""999",,2017-11-09,2017,Husqvarna,D1,SM450R
432,134,窪田 浩二,P:スーパーコルサ SC1,P:スーパーコルサ SC1,"1'36""040",0,"1'35""087",1,"1'36""040",118.83,2017-11-09,2017,Yamaha,C2,MT-09
433,134,窪田 浩二,P:スーパーコルサ SC1,P:スーパーコルサ SC1,"1'36""040",0,"1'35""087",1,"1'36""040",118.83,2017-11-09,2017,Yamaha,D1,MT-09
434,134,窪田 浩二,P:スーパーコルサ SC1,P:スーパーコルサ SC1,"1'36""040",0,"1'35""087",1,"1'36""040",118.83,2017-11-09,2017,Yamaha,C2,MT-09
435,134,窪田 浩二,P:スーパーコルサ SC1,P:スーパーコルサ SC1,"1'36""040",0,"1'35""087",1,"1'36""040",118.83,2017-11-09,2017,Yamaha,D1,MT-09
436,112,窪田 浩二,D:Q4,D:Q4,"1'40""800",0,"1'39""734",0,"1'39""734",113.73,2019-11-09,2019,Yamaha,C2,MT-09
437,112,窪田 浩二,D:Q4,D:Q4,"1'40""800",0,"1'39""734",0,"1'39""734",113.73,2019-11-09,2019,Yamaha,D1,MT-09
438,112,窪田 浩二,D:Q4,D:Q4,"1'40""800",0,"1'39""734",0,"1'39""734",113.73,2019-11-09,2019,Yamaha,C2,MT-09
439,112,窪田 浩二,D:Q4,D:Q4,"1'40""800",0,"1'39""734",0,"1'39""734",113.73,2019-11-09,2019,Yamaha,D1,MT-09
440,138,内藤 啓,D:α13,D:α13,"1'42""447",0,"9'59""999",0,"1'42""447",126.76,2017-11-09,2017,Honda,D3,VTR250
441,116,内藤 啓,D:α-13,D:α-13,"9'59""999",MC,"9'59""999",MC,"9'59""999",,2018-08-18,2018,Honda,D3,VTR250
442,142,中村 純,D:α13SP,D:α13SP,"9'59""999",MC,"9'59""999",0,"9'59""999",,2017-11-09,2017,Suzuki,C2,GSX-R750
443,112,中村 純,P:スーパーコルサV3,P:スーパーコルサV3,"1'45""034",0,"1'37""671",0,"1'37""671",113.82,2019-09-28,2019,Suzuki,C2,GSX-R750
444,108,中村 純,D:α-13SP,P:,"1'31""603",0,"1'30""373",0,"1'30""373",120.5,2018-10-20,2018,Suzuki,C2,GSX-R750
445,143,中村 純,P:V3,SC1,"1'45""050",0,"1'43""536",0,"1'43""536",118.07,2019-11-09,2019,Suzuki,C2,GSX-R750
446,133,中村 純,D:α-13SP,P: スパーコルサ,"9'59""999",MC,"1'47""562",0,"1'47""562",114.63,2018-08-18,2018,Suzuki,C2,GSX-R750
447,148,吉崎 忠雄,D:BT601,D:BT601,"1'37""516",0,"1'34""914",1,"1'35""914",118.67,2017-11-09,2017,Honda,D1,GROM
448,125,吉崎 忠雄,D:BT601,D:BT601,"1'40""724",0,"1'35""183",0,"1'35""183",119.41,2018-05-03,2018,Honda,D1,GROM
449,161,片山 雄介,D:α13SP,D:α13SP,"1'32""202",0,"1'26""343",0,"1'26""343",106.83,2017-11-09,2017,Suzuki,B,SV650
450,154,片山 雄介,D:α-13SP,D:Q4,"1'30""126",0,"1'28""805",0,"1'28""805",103.48,2019-09-28,2019,Suzuki,B,SV650
451,151,片山 雄介,D:α-13SP,D:α-13SP,"1'18""748",1,"1'18""309",0,"1'18""309",104.41,2018-10-20,2018,Suzuki,B,SV650
452,129,片山 雄介,D:α-13SP,D:α-13SP,"1'24""863",0,"9'59""999",MC,"1'24""863",106.46,2018-05-03,2018,Suzuki,B,SV650
453,146,片山 雄介,D:α-13SP,D:Q4,"1'21""427",0,"1'21""306",0,"1'21""306",105.18,2019-06-16,2019,Suzuki,B,SV650
454,164,篠宮 将光,D:α14,D:α14,"1'36""689",0,"1'30""732",0,"1'30""732",112.26,2017-11-09,2017,Yamaha,C2,MT-03
455,129,篠宮 将光,D:α-13SP,D:α-13SP,"1'25""617",0,"9'59""999",MC,"1'25""617",114.16,2018-10-20,2018,Honda,C2,CBR600RR
456,166,番場 大介,D:α13SP,D:α13SP,"1'30""821",0,"1'28""366",1,"1'29""366",110.57,2017-11-09,2017,Honda,C1,CBR600F4i
457,152,番場 大介,D:α-13SP,D:α-14,"1'42""300",0,"1'41""313",0,"1'41""313",107.97,2018-08-18,2018,Honda,C1,CBR600F4i
458,167,本間 君枝,D:α13SP,D:α13SP,"1'33""911",0,"1'47""381",0,"1'33""911",116.19,2017-11-09,2017,Honda,C1,VTR250
459,156,本間 君枝,D:α-13SP,D:α-13SP,"1'42""392",0,"1'40""664",1,"1'41""664",108.35,2018-08-18,2018,Honda,C1,VTR250
460,168,丸山 芳幸,D:α14,D:α14,"1'31""868",0,"1'30""514",0,"1'30""514",111.99,2017-11-09,2017,Honda,C1,VTR250
461,181,大越 研二,D:α-13sp,D:α-13sp,"1'23""845",0,"1'22""438",0,"1'22""438",102.0,2017-11-09,2017,Suzuki,A,GSX-R750
462,168,大越 研二,D:α-13SP,D:α-13SP,"9'59""999",0,"9'59""999",0,"9'59""999",,2018-10-20,2018,Suzuki,A,GSX-R750
463,103,中村 幸寛,D:α-13SP,D:α-13SP,"1'48""128",1,"1'43""824",0,"1'43""824",120.99,2019-09-28,2019,Honda,D1,VTR250
464,108,中村 幸寛,D:α-13SP,D:α-13SP,"1'34""859",0,"1'32""543",0,"1'32""543",119.72,2019-06-16,2019,Honda,D1,VTR250
465,115,中村 幸寛,D:α-13SP,D:α-13SP,"1'48""180",0,"1'46""986",0,"1'46""986",122.0,2019-11-09,2019,Honda,D1,VTR250
466,120,安徳 俊彦,D:Q4,D:Q4,"1'43""974",0,"1'43""414",0,"1'43""414",120.51,2019-09-28,2019,Suzuki,D2,GSX-S1000
467,109,安徳 俊彦,D:Q4,D:Q4,"1'50""599",0,"1'48""930",0,"1'48""930",124.22,2019-11-09,2019,Suzuki,D2,GSX-S1000
468,127,長谷川 邦明,MC:パイロットパワー3,MC:パイロットパワー3,"1'54""006",0,"1'49""315",0,"1'49""315",127.38,2019-09-28,2019,Honda,D3,CB1300SF
469,128,水谷 朋,D:GPR300,D:GPR300,"1'44""807",0,"1'45""617",1,"1'44""807",122.13,2019-09-28,2019,Honda,D2,VTR250
470,110,水谷 朋,D:GPR300,D:GPR300,"1'53""148",3,"1'51""642",1,"1'52""642",128.45,2019-11-09,2019,Honda,D2,VTR250
471,133,安藤 正晴,I:RMC810,I:RMC810,"1'50""805",0,"1'51""091",0,"1'50""805",129.12,2019-09-28,2019,Yamaha,D3,MT-07
472,112,安藤 正晴,IRC,IRC,"1'48""663",2,"1'45""902",0,"1'45""902",137.0,2019-06-16,2019,Yamaha,D3,MT-07
473,106,安藤 正晴,I:RMC810,I:RMC810,"1'55""805",0,"1'55""328",0,"1'55""328",131.52,2019-11-09,2019,Yamaha,D3,MT-07
474,136,宮本 憲一,P:スーパーコルサV2,P:スーパーコルサV2,"1'39""108",0,"1'37""540",0,"1'37""540",113.66,2019-09-28,2019,Honda,C2,VTR250F
475,145,江間 聡,CST:CM-SR,CST:CM-SR,"1'31""051",3,"1'29""659",1,"1'30""659",105.64,2019-09-28,2019,Honda,C0,CRF150R2
476,149,川崎 淳,D:Q4,D:Q4,"1'34""038",3,"1'32""138",0,"1'32""138",107.37,2019-09-28,2019,Honda,C1,NSR250R
477,152,川崎 淳,D:,α-14,"1'27""277",2,"1'24""277",1,"1'25""277",113.7,2018-10-20,2018,Honda,C1,NSR250R
478,147,川崎 淳,D:α-13SP,D:α-13SP,"1'24""544",0,"1'23""182",0,"1'23""182",107.61,2019-06-16,2019,Honda,C1,NSR250R
479,150,川崎 淳,D:α-14,D:α-13SP,"1'43""995",1,"1'41""407",0,"1'41""407",108.07,2018-08-18,2018,Honda,C1,NSR250R
480,161,作田 隆義,D:α-13SP,D:α-13SP,"1'26""834",0,"1'26""673",0,"1'26""673",101.0,2019-09-28,2019,Kawasaki,A,Ninja400
481,141,作田 隆義,D:α-13SP,D:α-13SP,"1'36""398",0,"1'36""131",0,"1'36""131",102.45,2018-08-18,2018,Kawasaki,A,Ninja400
482,104,木下 健三,D:α-13SP,D:α-13SP,"1'30""330",0,"1'28""748",0,"1'28""748",118.33,2018-10-20,2018,Suzuki,D1,DR-Z400SM
483,123,佐藤 洋之,D:,TT93GP,"1'36""366",0,"1'35""019",0,"1'35""019",126.69,2018-10-20,2018,Kawasaki,D3,KSR-2
484,125,五十嵐 一生,P:,スーパーコルサ,"1'42""759",0,"1'23""755",1,"1'24""755",113.01,2018-10-20,2018,Honda,C2,NSR250R
485,127,五十嵐 一生,D:α-13SP,D:α-13SP,"1'28""120",4,"1'27""750",1,"1'28""750",111.34,2018-05-03,2018,Suzuki,C2,DR-Z400SM
486,126,岡部 真希,D:α-13SP,D:α-13SP,"1'30""878",1,"1'29""419",0,"1'29""419",119.23,2018-10-20,2018,Honda,C2,VTR250
487,127,岡部 正寛,P:,スーパーコルサV2,"1'25""398",0,"1'24""361",0,"1'24""361",112.48,2018-10-20,2018,Suzuki,C2,DR-Z400SM
488,135,和木 晴彦,D:α-14,D:α-14,"1'26""290",0,"1'26""765",0,"1'26""290",115.05,2018-10-20,2018,Yamaha,C2,MT-03
489,140,畑 和秀,P:,スーパーコルサV2,"1'27""482",0,"1'25""752",0,"1'25""752",114.34,2018-10-20,2018,Suzuki,C2,DR-Z400SM
490,148,高橋 保久,D:/α-13SP,P:,"1'26""498",0,"1'25""209",0,"1'25""209",113.61,2018-10-20,2018,Honda,C2,VTR250
491,150,濱田 令,α-13SP,α-13SP,"1'21""516",0,"1'20""342",2,"1'21""516",108.69,2018-10-20,2018,Suzuki,B,DR-Z400SM
492,140,濱田 令,P:スーパーコルサV3,P:スーパーコルサV3,"1'25""265",4,"1'25""432",1,"1'26""432",104.88,2020-10-03,2020,Yamaha,B,YZ250X
493,136,関 吉美智,D:α-13SP,D:α-13SP,"1'24""629",0,"1'23""960",1,"1'24""629",106.17,2018-05-03,2018,Suzuki,A,GSX-R1000
494,153,関 吉美智,D:α-13SP,D:Q4,"1'21""409",1,"1'21""631",0,"1'21""631",105.6,2019-06-16,2019,Suzuki,A,GSX-R1000
495,143,関 吉美智,D:α-13SP,D:α-13SP,"1'38""429",0,"1'37""619",1,"1'38""429",104.9,2018-08-18,2018,Suzuki,A,GSX-R1000
496,116,杉山 卓司,D:α-14,D:α-14,"1'33""428",0,"1'31""326",0,"1'31""326",118.14,2019-06-16,2019,Kawasaki,D1,Z250
497,140,下町 勝大,D:TT93GP,D:TT93GP,"1'24""347",1,"1'27""635",0,"1'25""347",110.41,2019-06-16,2019,Kawasaki,C1,Z125
498,140,下町 勝大,D:TT93GP,D:TT93GP,"1'35""271",0,"1'34""955",1,"1'35""271",108.64,2019-11-09,2019,Kawasaki,C1,Z125
499,149,中村 文勝,D:α-13SP,D:Q4,"1'24""244",0,"1'24""361",0,"1'24""244",108.98,2019-06-16,2019,Kawasaki,A,Z1000
500,154,清野 雅之,MZ:レーステック,D:Q4,"1'20""781",0,"1'21""185",0,"1'20""781",104.5,2019-06-16,2019,Honda,A,CBR600RR
501,150,渡辺 藤太,D:α-13SP,D:α-13SP,"1'34""355",0,"1'37""067",1,"1'34""355",107.6,2019-11-09,2019,Honda,C1,VTR250
502,155,中澤 伸彦,D:α-13SP,D:Q4,"1'34""670",0,"1'33""252",0,"1'33""252",106.34,2019-11-09,2019,Suzuki,A,GSX-R1000
503,131,寺田 和志,D:α-13SP,D:α-13SP,"1'44""960",1,"1'50""549",1,"1'45""960",112.92,2018-08-18,2018,Honda,C2,VTR250
